Question,Answer
"What does TechNova do?","TechNova is a technology consulting startup specializing in AI, cloud solutions, and software development."
"When was TechNova founded?","TechNova was founded in 2021."
"Where is TechNova located?","TechNova is headquartered in San Francisco, California."
"What services does TechNova offer?","TechNova offers AI consulting, cloud integration, custom software development, and IT infrastructure support."
"Who are TechNova's clients?","TechNova works with small to medium-sized businesses, startups, and enterprise clients across various industries."
"How can I contact TechNova?","You can contact us via email at support@technova.com or call us at +1-800-123-4567."
"What industries does TechNova serve?","TechNova serves industries like healthcare, finance, e-commerce, and logistics."
"Does TechNova offer internships?","Yes, TechNova offers internships in software engineering, AI research, and business development."
"How many employees does TechNova have?","As of 2024, TechNova has 50 full-time employees."
"What is TechNova's mission?","TechNova's mission is to empower businesses with cutting-edge technology solutions to achieve their goals."
"Does TechNova provide AI consulting services?","Yes, AI consulting is one of TechNova's core services."
"Can TechNova develop custom software?","Yes, TechNova specializes in custom software development tailored to client needs."
"Does TechNova support startups?","Yes, TechNova works closely with startups to provide scalable technology solutions."
"Does TechNova help with cloud integration?","Yes, TechNova offers comprehensive cloud integration services."
"What is the cost of TechNova's services?","The cost depends on the scope of the project. Please contact us for a customized quote."
"Does TechNova offer free consultations?","Yes, TechNova offers a free initial consultation to understand your requirements."
"What is TechNova's core expertise?","TechNova's core expertise lies in AI, cloud solutions, and custom software development."
"Does TechNova work with international clients?","Yes, TechNova serves clients globally."
"How can I apply for a job at TechNova?","You can apply for a job at TechNova by visiting the Careers section on our website."
"What is the company culture like at TechNova?","TechNova fosters a collaborative, innovative, and employee-friendly work environment."
"Does TechNova provide training for employees?","Yes, TechNova provides regular training sessions to upskill employees."
"How can I get a quote from TechNova?","You can request a quote by filling out the contact form on our website or emailing us directly."
"Does TechNova have a referral program?","Yes, TechNova has a referral program for clients and employees."
"Is TechNova hiring software developers?","Yes, TechNova is currently hiring software developers. Check our Careers page for details."
"What technology stacks does TechNova use?","TechNova works with technologies like Python, JavaScript, AWS, and Azure."
"Can TechNova handle large-scale projects?","Yes, TechNova has experience managing large-scale projects for enterprise clients."
"Does TechNova provide technical support?","Yes, TechNova offers 24/7 technical support for its clients."
"What is TechNova's refund policy?","TechNova's refund policy depends on the terms of the service agreement."
"Does TechNova use agile methodologies?","Yes, TechNova follows agile methodologies for project management."
"Does TechNova have a blog?","Yes, TechNova maintains a blog to share industry insights and updates."
"Can TechNova integrate AI into existing systems?","Yes, TechNova specializes in integrating AI into existing business systems."
"Does TechNova offer blockchain solutions?","Yes, blockchain development is one of TechNova's emerging service areas."
"What is TechNova's vision for the future?","TechNova aims to be a global leader in technology consulting and innovation."
"Does TechNova provide data analytics services?","Yes, TechNova offers advanced data analytics and visualization solutions."
"Does TechNova have case studies available?","Yes, you can find case studies on our website showcasing successful projects."
"Does TechNova work with government organizations?","Yes, TechNova has partnered with government organizations for technology solutions."
"Can TechNova automate business processes?","Yes, TechNova provides RPA (Robotic Process Automation) services for business process automation."
"What certifications does TechNova hold?","TechNova holds certifications in cloud computing, AI, and data security."
"Does TechNova offer mobile app development?","Yes, TechNova offers mobile app development for iOS and Android platforms."
"Does TechNova have a feedback mechanism?","Yes, TechNova values client feedback and uses it to improve services."
"Does TechNova conduct workshops?","Yes, TechNova conducts workshops and training sessions on emerging technologies."
"Does TechNova support startups with funding?","No, TechNova does not provide funding but supports startups with technology solutions."
"How long does TechNova take to complete a project?","Project timelines vary depending on the scope and complexity. Contact us for details."
"Does TechNova offer cybersecurity services?","Yes, TechNova provides cybersecurity consulting and solutions."
"Can TechNova create websites?","Yes, TechNova spexcializes in developing responsive and user-friendly websites."
"Does TechNova work with NGOs?","Yes, TechNova collaborates with NGOs to provide cost-effective technology solutions."
"Does TechNova handle data migration?","Yes, TechNova provides data migration services for businesses."
"Does TechNova offer DevOps solutions?","Yes, TechNova offers DevOps consulting and implementation."
"Does TechNova provide 24/7 support?","Yes, TechNova offers round-the-clock support for critical issues."
"Does TechNova handle digital marketing?","No, TechNova focuses on technology consulting and development."
"Does TechNova support remote work?","Yes, TechNova supports remote work for employees and clients."
"Does TechNova have partnerships?","Yes, TechNova partners with leading technology providers like AWS and Microsoft."
"Does TechNova offer data privacy solutions?","Yes, TechNova ensures compliance with data privacy regulations and provides related solutions."
"Can TechNova integrate APIs?","Yes, TechNova specializes in API integration for seamless functionality."
"Does TechNova provide ongoing maintenance?","Yes, TechNova offers maintenance and support services for completed projects."
"Does TechNova have a social media presence?","Yes, follow TechNova on LinkedIn, Twitter, and Facebook."
"What programming languages does TechNova specialize in?","TechNova specializes in Python, Java, C++, and JavaScript."
"Does TechNova offer video conferencing solutions?","Yes, TechNova provides solutions for secure video conferencing."
"Does TechNova use open-source software?","Yes, TechNova leverages open-source software wherever appropriate."
"Does TechNova work on weekends?","TechNova operates Monday through Friday but offers support for critical issues on weekends."
"Does TechNova provide IoT solutions?","Yes, IoT development and integration are part of TechNova's services."
"Does TechNova offer SEO services?","No, TechNova focuses solely on technology consulting and software development."
"Does TechNova provide training for clients?","Yes, TechNova offers training sessions for clients to help them utilize solutions effectively."
"Does TechNova handle CRM implementation?","Yes, TechNova specializes in implementing CRM systems like Salesforce and HubSpot."
"Does TechNova offer flexible pricing models?","Yes, TechNova provides flexible pricing based on client requirements."
"Does TechNova have an SLA?","Yes, TechNova includes Service Level Agreements (SLAs) in its contracts."
"Does TechNova provide cloud migration?","Yes, TechNova specializes in migrating businesses to cloud platforms."
"Does TechNova offer UI/UX design services?","Yes, TechNova provides UI/UX design services for websites and applications."
"Does TechNova handle legacy system upgrades?","Yes, TechNova offers services to upgrade and modernize legacy systems."
"Does TechNova offer subscription plans?","Yes, TechNova offers subscription plans for maintenance and support services."
"Does TechNova support startups in prototyping?","Yes, TechNova helps startups with rapid prototyping of ideas."
"Does TechNova support hybrid cloud models?","Yes, TechNova provides solutions for hybrid cloud environments."
"Does TechNova provide ERP solutions?","Yes, TechNova offers ERP implementation and customization services."
"Does TechNova offer disaster recovery solutions?","Yes, TechNova provides disaster recovery and business continuity planning."
"Does TechNova have a mentorship program?","Yes, TechNova offers mentorship programs for employees and interns."
"Does TechNova conduct research in AI?","Yes, TechNova has an R&D division focused on AI advancements."
"Does TechNova support multi-language systems?","Yes, TechNova builds applications supporting multiple languages."
"Does TechNova assist in market research?","No, TechNova focuses on technology solutions, not market research."
"Does TechNova provide GDPR compliance services?","Yes, TechNova ensures GDPR compliance for European clients."